{
  "fmlloader-1.20.1-47.4.0.jar (modloader)": {
    "jarName": "fmlloader-1.20.1-47.4.0.jar (modloader)",
    "modId": "forge",
    "version": "fmlloader-1.20.1-47.4.0.jar"
  },
  "abridged-2.0.0-forge-1.20.1.jar": {
    "jarName": "abridged-2.0.0-forge-1.20.1.jar",
    "modId": "abridged",
    "version": "2.0.0"
  },
  "ad_astra-forge-1.20.1-1.15.20.jar": {
    "jarName": "ad_astra-forge-1.20.1-1.15.20.jar",
    "modId": "ad_astra",
    "version": "1.15.20"
  },
  "alexscaves-2.0.2.jar": {
    "jarName": "alexscaves-2.0.2.jar",
    "modId": "alexscaves",
    "version": "2.0.2"
  },
  "alexsdelight-1.5.jar": {
    "jarName": "alexsdelight-1.5.jar",
    "modId": "alexsdelight",
    "version": "1.5"
  },
  "alexsmobs-1.22.9.jar": {
    "jarName": "alexsmobs-1.22.9.jar",
    "modId": "alexsmobs",
    "version": "1.22.9"
  },
  "AmbientSounds_FORGE_v6.1.11_mc1.20.1.jar": {
    "jarName": "AmbientSounds_FORGE_v6.1.11_mc1.20.1.jar",
    "modId": "ambientsounds",
    "version": "6.1.11"
  },
  "amendments-1.20-1.2.19.jar": {
    "jarName": "amendments-1.20-1.2.19.jar",
    "modId": "amendments",
    "version": "1.20-1.2.19"
  },
  "appleskin-forge-mc1.20.1-2.5.1.jar": {
    "jarName": "appleskin-forge-mc1.20.1-2.5.1.jar",
    "modId": "appleskin",
    "version": "2.5.1+mc1.20.1"
  },
  "Aquaculture-1.20.1-2.5.5.jar": {
    "jarName": "Aquaculture-1.20.1-2.5.5.jar",
    "modId": "aquaculture",
    "version": "2.5.5"
  },
  "aquamirae-6.API15.jar": {
    "jarName": "aquamirae-6.API15.jar",
    "modId": "aquamirae",
    "version": "6.API15"
  },
  "archers_paradox-1.20.1-5.0.0.17.jar": {
    "jarName": "archers_paradox-1.20.1-5.0.0.17.jar",
    "modId": "archers_paradox",
    "version": "5.0.0"
  },
  "architectury-9.2.14-forge.jar": {
    "jarName": "architectury-9.2.14-forge.jar",
    "modId": "architectury",
    "version": "9.2.14"
  },
  "atmospheric-1.20.1-6.1.1.jar": {
    "jarName": "atmospheric-1.20.1-6.1.1.jar",
    "modId": "atmospheric",
    "version": "6.1.1"
  },
  "atmospheric_phenomena-1.0.2.jar": {
    "jarName": "atmospheric_phenomena-1.0.2.jar",
    "modId": "atmospheric_phenomena",
    "version": "1.0.2"
  },
  "azurelib-neo-1.20.1-3.0.12.jar": {
    "jarName": "azurelib-neo-1.20.1-3.0.12.jar",
    "modId": "azurelib",
    "version": "3.0.12"
  },
  "BetterAnimationsCollection-v8.0.0-1.20.1-Forge.jar": {
    "jarName": "BetterAnimationsCollection-v8.0.0-1.20.1-Forge.jar",
    "modId": "betteranimationscollection",
    "version": "8.0.0"
  },
  "bettercombat-forge-1.8.6+1.20.1.jar": {
    "jarName": "bettercombat-forge-1.8.6+1.20.1.jar",
    "modId": "bettercombat",
    "version": "1.8.6+1.20.1"
  },
  "blueprint-1.20.1-7.1.3.jar": {
    "jarName": "blueprint-1.20.1-7.1.3.jar",
    "modId": "blueprint",
    "version": "7.1.3"
  },
  "BOMD-Forge-1.20.1-1.1.1.jar": {
    "jarName": "BOMD-Forge-1.20.1-1.1.1.jar",
    "modId": "bosses_of_mass_destruction",
    "version": "1.1.1"
  },
  "botarium-forge-1.20.1-2.3.4.jar": {
    "jarName": "botarium-forge-1.20.1-2.3.4.jar",
    "modId": "botarium",
    "version": "2.3.4"
  },
  "Bountiful-6.0.4+1.20.1-forge.jar": {
    "jarName": "Bountiful-6.0.4+1.20.1-forge.jar",
    "modId": "bountiful",
    "version": "6.0.4+1.20.1"
  },
  "butcher-3.6.1-forge-1.20.1.jar": {
    "jarName": "butcher-3.6.1-forge-1.20.1.jar",
    "modId": "butcher",
    "version": "3.6.1"
  },
  "caelus-forge-3.2.0+1.20.1.jar": {
    "jarName": "caelus-forge-3.2.0+1.20.1.jar",
    "modId": "caelus",
    "version": "3.2.0+1.20.1"
  },
  "CerbonsApi-Forge-1.20.1-1.0.0.jar": {
    "jarName": "CerbonsApi-Forge-1.20.1-1.0.0.jar",
    "modId": "cerbons_api",
    "version": "1.0.0"
  },
  "citadel-2.6.2-1.20.1.jar": {
    "jarName": "citadel-2.6.2-1.20.1.jar",
    "modId": "citadel",
    "version": "2.6.2"
  },
  "cloth-config-11.1.136-forge.jar": {
    "jarName": "cloth-config-11.1.136-forge.jar",
    "modId": "cloth_config",
    "version": "11.1.136"
  },
  "Clumps-forge-1.20.1-12.0.0.4.jar": {
    "jarName": "Clumps-forge-1.20.1-12.0.0.4.jar",
    "modId": "clumps",
    "version": "12.0.0.4"
  },
  "cofh_core-1.20.1-11.0.2.56.jar": {
    "jarName": "cofh_core-1.20.1-11.0.2.56.jar",
    "modId": "cofh_core",
    "version": "11.0.2"
  },
  "Compat_Galosphere-Spelunkery.jar": {
    "jarName": "Compat_Galosphere-Spelunkery.jar",
    "modId": "galospherespelunkerycompat",
    "version": "1.0.1"
  },
  "configured-forge-1.20.1-2.2.3.jar": {
    "jarName": "configured-forge-1.20.1-2.2.3.jar",
    "modId": "configured",
    "version": "2.2.3"
  },
  "Connector-1.0.0-beta.46+1.20.1.jar": {
    "jarName": "Connector-1.0.0-beta.46+1.20.1.jar"
  },
  "continuity-3.0.0+1.20.1.forge.jar": {
    "jarName": "continuity-3.0.0+1.20.1.forge.jar",
    "modId": "continuity",
    "version": "3.0.0+1.20.1.forge"
  },
  "CraftTweaker-forge-1.20.1-14.0.57.jar": {
    "jarName": "CraftTweaker-forge-1.20.1-14.0.57.jar",
    "modId": "crafttweaker",
    "version": "14.0.57"
  },
  "CrashAssistant-forge-1.19-1.20.1-1.9.15.jar": {
    "jarName": "CrashAssistant-forge-1.19-1.20.1-1.9.15.jar",
    "modId": "crash_assistant",
    "version": "1.9.15"
  },
  "create-1.20.1-6.0.6.jar": {
    "jarName": "create-1.20.1-6.0.6.jar",
    "modId": "create",
    "version": "6.0.6"
  },
  "CreativeCore_FORGE_v2.12.32_mc1.20.1.jar": {
    "jarName": "CreativeCore_FORGE_v2.12.32_mc1.20.1.jar",
    "modId": "creativecore",
    "version": "2.12.32"
  },
  "creeperoverhaul-3.0.2-forge.jar": {
    "jarName": "creeperoverhaul-3.0.2-forge.jar",
    "modId": "creeperoverhaul",
    "version": "3.0.2"
  },
  "Croptopia-1.20.1-FORGE-3.0.4.jar": {
    "jarName": "Croptopia-1.20.1-FORGE-3.0.4.jar",
    "modId": "croptopia",
    "version": "3.0.4"
  },
  "curios-forge-5.14.1+1.20.1.jar": {
    "jarName": "curios-forge-5.14.1+1.20.1.jar",
    "modId": "curios",
    "version": "5.14.1+1.20.1"
  },
  "darkness-forge-1.20.1-2.0.103-fork.jar": {
    "jarName": "darkness-forge-1.20.1-2.0.103-fork.jar",
    "modId": "darkness",
    "version": "2.0.103"
  },
  "deeperdarker-forge-1.20.1-1.3.3.jar": {
    "jarName": "deeperdarker-forge-1.20.1-1.3.3.jar",
    "modId": "deeperdarker",
    "version": "1.3.3"
  },
  "DistantHorizons-2.3.4-b-1.20.1-fabric-forge.jar": {
    "jarName": "DistantHorizons-2.3.4-b-1.20.1-fabric-forge.jar",
    "modId": "distanthorizons",
    "version": "2.3.4-b"
  },
  "do_a_barrel_roll-forge-3.5.6+1.20.1.jar": {
    "jarName": "do_a_barrel_roll-forge-3.5.6+1.20.1.jar",
    "modId": "do_a_barrel_roll",
    "version": "3.5.6+1.20.1"
  },
  "duckling-3.0.0-forge.jar": {
    "jarName": "duckling-3.0.0-forge.jar",
    "modId": "duckling",
    "version": "3.0.0"
  },
  "dynamic-fps-3.9.5+minecraft-1.20.0-forge.jar": {
    "jarName": "dynamic-fps-3.9.5+minecraft-1.20.0-forge.jar",
    "modId": "dynamic_fps",
    "version": "3.9.5"
  },
  "ecologics-forge-1.20.1-2.2.2.jar": {
    "jarName": "ecologics-forge-1.20.1-2.2.2.jar",
    "modId": "ecologics",
    "version": "2.2.2"
  },
  "elytraslot-forge-6.4.4+1.20.1.jar": {
    "jarName": "elytraslot-forge-6.4.4+1.20.1.jar",
    "modId": "elytraslot",
    "version": "6.4.4+1.20.1"
  },
  "embeddium-0.3.31+mc1.20.1.jar": {
    "jarName": "embeddium-0.3.31+mc1.20.1.jar",
    "modId": "embeddium",
    "version": "0.3.31+mc1.20.1"
  },
  "endermanoverhaul-forge-1.20.1-1.0.4.jar": {
    "jarName": "endermanoverhaul-forge-1.20.1-1.0.4.jar",
    "modId": "endermanoverhaul",
    "version": "1.0.4"
  },
  "endrem_forge-5.3.3-R-1.20.1.jar": {
    "jarName": "endrem_forge-5.3.3-R-1.20.1.jar",
    "modId": "endrem",
    "version": "5.3.3-R-1.20.1"
  },
  "entityculling-forge-1.8.2-mc1.20.1.jar": {
    "jarName": "entityculling-forge-1.8.2-mc1.20.1.jar",
    "modId": "entityculling",
    "version": "1.8.2"
  },
  "EpheroLib-1.20.1-FORGE-1.2.0.jar": {
    "jarName": "EpheroLib-1.20.1-FORGE-1.2.0.jar",
    "modId": "epherolib",
    "version": "0.1.2"
  },
  "exposure-1.20.1-1.7.16-forge.jar": {
    "jarName": "exposure-1.20.1-1.7.16-forge.jar",
    "modId": "exposure",
    "version": "1.7.16"
  },
  "fabric-api-0.92.2+1.11.12+1.20.1.jar": {
    "jarName": "fabric-api-0.92.2+1.11.12+1.20.1.jar",
    "modId": "fabric_api",
    "version": "0.92.2+1.11.12+1.20.1"
  },
  "FarmersDelight-1.20.1-1.2.8.jar": {
    "jarName": "FarmersDelight-1.20.1-1.2.8.jar",
    "modId": "farmersdelight",
    "version": "1.20.1-1.2.8"
  },
  "farsighted-mobs-forge-1.1-1.20.1.jar": {
    "jarName": "farsighted-mobs-forge-1.1-1.20.1.jar",
    "modId": "farsightedmobs",
    "version": "1.1"
  },
  "ferritecore-6.0.1-forge.jar": {
    "jarName": "ferritecore-6.0.1-forge.jar",
    "modId": "ferritecore",
    "version": "6.0.1"
  },
  "friendsandfoes-forge-mc1.20.1-3.0.9.jar": {
    "jarName": "friendsandfoes-forge-mc1.20.1-3.0.9.jar",
    "modId": "friendsandfoes",
    "version": "3.0.9"
  },
  "Galosphere-1.20.1-1.4.1-Forge.jar": {
    "jarName": "Galosphere-1.20.1-1.4.1-Forge.jar",
    "modId": "galosphere",
    "version": "1.20.1-1.4.1"
  },
  "geckolib-forge-1.20.1-4.7.3.jar": {
    "jarName": "geckolib-forge-1.20.1-4.7.3.jar",
    "modId": "geckolib",
    "version": "4.7.3"
  },
  "GlitchCore-forge-1.20.1-0.0.1.1.jar": {
    "jarName": "GlitchCore-forge-1.20.1-0.0.1.1.jar",
    "modId": "glitchcore",
    "version": "0.0.1.1"
  },
  "hardmodeprogression-1.20.1b.jar": {
    "jarName": "hardmodeprogression-1.20.1b.jar",
    "modId": "hardmodeprogression",
    "version": "1.0.0"
  },
  "hearth_and_home-forge-1.20.1-2.0.1.jar": {
    "jarName": "hearth_and_home-forge-1.20.1-2.0.1.jar",
    "modId": "hearth_and_home",
    "version": "1.20.1-2.0.1"
  },
  "ImmediatelyFast-Forge-1.5.1+1.20.4.jar": {
    "jarName": "ImmediatelyFast-Forge-1.5.1+1.20.4.jar",
    "modId": "immediatelyfast",
    "version": "1.5.1+1.20.4"
  },
  "ImmersiveUI-FORGE-0.3.0.jar": {
    "jarName": "ImmersiveUI-FORGE-0.3.0.jar",
    "modId": "immersiveui",
    "version": "0.3.0"
  },
  "improvedmobs-1.20.1-1.13.6-forge.jar": {
    "jarName": "improvedmobs-1.20.1-1.13.6-forge.jar",
    "modId": "improvedmobs",
    "version": "1.20.1-1.13.6"
  },
  "incontrol-1.20-9.3.3.jar": {
    "jarName": "incontrol-1.20-9.3.3.jar",
    "modId": "incontrol",
    "version": "1.20-9.3.3"
  },
  "inventorysorter-1.20.1-23.0.8.jar": {
    "jarName": "inventorysorter-1.20.1-23.0.8.jar",
    "modId": "inventorysorter",
    "version": "23.0.8"
  },
  "ironchest-1.20.1-14.4.4.jar": {
    "jarName": "ironchest-1.20.1-14.4.4.jar",
    "modId": "ironchest",
    "version": "1.20.1-14.4.4"
  },
  "Jade-1.20.1-Forge-11.13.1.jar": {
    "jarName": "Jade-1.20.1-Forge-11.13.1.jar",
    "modId": "jade",
    "version": "11.13.1+forge"
  },
  "jamlib-forge-1.3.5+1.20.1.jar": {
    "jarName": "jamlib-forge-1.3.5+1.20.1.jar",
    "modId": "jamlib",
    "version": "1.3.5+1.20.1"
  },
  "jei-1.20.1-forge-15.20.0.112.jar": {
    "jarName": "jei-1.20.1-forge-15.20.0.112.jar",
    "modId": "jei",
    "version": "15.20.0.112"
  },
  "Kambrik-6.1.1+1.20.1-forge.jar": {
    "jarName": "Kambrik-6.1.1+1.20.1-forge.jar",
    "modId": "kambrik",
    "version": "6.1.1+1.20.1"
  },
  "kotlinforforge-4.11.0-all.jar": {
    "jarName": "kotlinforforge-4.11.0-all.jar"
  },
  "lithostitched-forge-1.20.1-1.4.11.jar": {
    "jarName": "lithostitched-forge-1.20.1-1.4.11.jar",
    "modId": "lithostitched",
    "version": "1.4.11"
  },
  "Mantle-1.20.1-1.11.79.jar": {
    "jarName": "Mantle-1.20.1-1.11.79.jar",
    "modId": "mantle",
    "version": "1.11.79"
  },
  "mobs_of_mythology-forge-1.20.1-2.1.2.jar": {
    "jarName": "mobs_of_mythology-forge-1.20.1-2.1.2.jar",
    "modId": "mobs_of_mythology",
    "version": "2.1.2"
  },
  "modernfix-forge-5.24.3+mc1.20.1.jar": {
    "jarName": "modernfix-forge-5.24.3+mc1.20.1.jar",
    "modId": "modernfix",
    "version": "5.24.3+mc1.20.1"
  },
  "moonlight-1.20-2.14.14-forge.jar": {
    "jarName": "moonlight-1.20-2.14.14-forge.jar",
    "modId": "moonlight",
    "version": "1.20-2.14.14"
  },
  "MouseTweaks-forge-mc1.20.1-2.25.1.jar": {
    "jarName": "MouseTweaks-forge-mc1.20.1-2.25.1.jar",
    "modId": "mousetweaks",
    "version": "2.25.1"
  },
  "mowziesmobs-1.7.3.jar": {
    "jarName": "mowziesmobs-1.7.3.jar",
    "modId": "mowziesmobs",
    "version": "1.7.3"
  },
  "MRU-1.0.4+1.20.1+forge.jar": {
    "jarName": "MRU-1.0.4+1.20.1+forge.jar",
    "modId": "mru",
    "version": "1.0.4+1.20.1+forge"
  },
  "NaturesCompass-1.20.1-1.11.2-forge.jar": {
    "jarName": "NaturesCompass-1.20.1-1.11.2-forge.jar",
    "modId": "naturescompass",
    "version": "1.20.1-1.11.2-forge"
  },
  "netherdepthsupgrade-3.1.5-1.20.jar": {
    "jarName": "netherdepthsupgrade-3.1.5-1.20.jar",
    "modId": "netherdepthsupgrade",
    "version": "3.1.5-1.20"
  },
  "nethersdelight-1.20.1-4.0.jar": {
    "jarName": "nethersdelight-1.20.1-4.0.jar",
    "modId": "nethersdelight",
    "version": "1.20.1-4.0"
  },
  "notenoughanimations-forge-1.10.1-mc1.20.1.jar": {
    "jarName": "notenoughanimations-forge-1.10.1-mc1.20.1.jar",
    "modId": "notenoughanimations",
    "version": "1.10.1"
  },
  "notreepunching-forge-1.20-7.1.0.jar": {
    "jarName": "notreepunching-forge-1.20-7.1.0.jar",
    "modId": "notreepunching",
    "version": "7.1.0"
  },
  "nyfsspiders-forge-1.20.1-2.1.1.jar": {
    "jarName": "nyfsspiders-forge-1.20.1-2.1.1.jar",
    "modId": "nyfsspiders",
    "version": "2.1.1"
  },
  "obscure_api-15.jar": {
    "jarName": "obscure_api-15.jar",
    "modId": "obscure_api",
    "version": "15"
  },
  "oceansdelight-1.0.2-1.20.jar": {
    "jarName": "oceansdelight-1.0.2-1.20.jar",
    "modId": "oceansdelight",
    "version": "1.0.2-1.20"
  },
  "OctoLib-FORGE-0.5.0.1+1.20.1.jar": {
    "jarName": "OctoLib-FORGE-0.5.0.1+1.20.1.jar",
    "modId": "octolib",
    "version": "0.5.0.1"
  },
  "Patchouli-1.20.1-84.1-FORGE.jar": {
    "jarName": "Patchouli-1.20.1-84.1-FORGE.jar",
    "modId": "patchouli",
    "version": "1.20.1-84.1-FORGE"
  },
  "player-animation-lib-forge-1.0.2-rc1+1.20.jar": {
    "jarName": "player-animation-lib-forge-1.0.2-rc1+1.20.jar",
    "modId": "playeranimator",
    "version": "1.0.2-rc1+1.20"
  },
  "PuzzlesLib-v8.1.32-1.20.1-Forge.jar": {
    "jarName": "PuzzlesLib-v8.1.32-1.20.1-Forge.jar",
    "modId": "puzzleslib",
    "version": "8.1.32"
  },
  "quality_of_progression-1.3-forge-1.20.1.jar": {
    "jarName": "quality_of_progression-1.3-forge-1.20.1.jar",
    "modId": "quality_of_progression",
    "version": "1.0.0"
  },
  "radium-mc1.20.1-0.12.4+git.26c9d8e.jar": {
    "jarName": "radium-mc1.20.1-0.12.4+git.26c9d8e.jar",
    "modId": "radium",
    "version": "0.12.4+git.26c9d8e"
  },
  "resourcefulconfig-forge-1.20.1-2.1.3.jar": {
    "jarName": "resourcefulconfig-forge-1.20.1-2.1.3.jar",
    "modId": "resourcefulconfig",
    "version": "2.1.3"
  },
  "resourcefullib-forge-1.20.1-2.1.29.jar": {
    "jarName": "resourcefullib-forge-1.20.1-2.1.29.jar",
    "modId": "resourcefullib",
    "version": "2.1.29"
  },
  "Ribbits-1.20.1-Forge-3.0.4.jar": {
    "jarName": "Ribbits-1.20.1-Forge-3.0.4.jar",
    "modId": "ribbits",
    "version": "1.20.1-Forge-3.0.4"
  },
  "rightclickharvest-forge-4.5.3+1.20.1.jar": {
    "jarName": "rightclickharvest-forge-4.5.3+1.20.1.jar",
    "modId": "rightclickharvest",
    "version": "4.5.3+1.20.1"
  },
  "ScalingHealth-1.20.1-8.0.2+9.jar": {
    "jarName": "ScalingHealth-1.20.1-8.0.2+9.jar",
    "modId": "scalinghealth",
    "version": "8.0.2+9"
  },
  "SereneSeasons-forge-1.20.1-9.1.0.2.jar": {
    "jarName": "SereneSeasons-forge-1.20.1-9.1.0.2.jar",
    "modId": "sereneseasons",
    "version": "9.1.0.2"
  },
  "silent-lib-1.20.1-8.0.0.jar": {
    "jarName": "silent-lib-1.20.1-8.0.0.jar",
    "modId": "silentlib",
    "version": "8.0.0"
  },
  "simplelifecrystal-1.2.1-1.20.1 (forge).jar": {
    "jarName": "simplelifecrystal-1.2.1-1.20.1 (forge).jar",
    "modId": "simplelifecrystal",
    "version": "1.0"
  },
  "simplyswords-forge-1.56.0-1.20.1.jar": {
    "jarName": "simplyswords-forge-1.56.0-1.20.1.jar",
    "modId": "simplyswords",
    "version": "1.56.0-1.20.1"
  },
  "sleep_tight-1.20-1.4.5.jar": {
    "jarName": "sleep_tight-1.20-1.4.5.jar",
    "modId": "sleep_tight",
    "version": "1.20-1.4.5"
  },
  "SmartBrainLib-forge-1.20.1-1.15.jar": {
    "jarName": "SmartBrainLib-forge-1.20.1-1.15.jar",
    "modId": "smartbrainlib",
    "version": "1.15"
  },
  "sodiumdynamiclights-forge-1.0.10-1.20.1.jar": {
    "jarName": "sodiumdynamiclights-forge-1.0.10-1.20.1.jar",
    "modId": "sodiumdynamiclights",
    "version": "1.0.9"
  },
  "sodiumoptionsapi-forge-1.0.10-1.20.1.jar": {
    "jarName": "sodiumoptionsapi-forge-1.0.10-1.20.1.jar",
    "modId": "sodiumoptionsapi",
    "version": "1.0.10"
  },
  "sound-physics-remastered-forge-1.20.1-1.4.15.jar": {
    "jarName": "sound-physics-remastered-forge-1.20.1-1.4.15.jar",
    "modId": "sound_physics_remastered",
    "version": "1.20.1-1.4.15"
  },
  "Sounds-2.2.1+1.20.1+forge.jar": {
    "jarName": "Sounds-2.2.1+1.20.1+forge.jar",
    "modId": "sounds",
    "version": "2.2.1+1.20.1+forge"
  },
  "spelunkery-1.20.1-0.3.16-forge.jar": {
    "jarName": "spelunkery-1.20.1-0.3.16-forge.jar",
    "modId": "spelunkery",
    "version": "1.20.1-0.3.16"
  },
  "Steam_Rails-1.6.11-alpha+forge-mc1.20.1.jar": {
    "jarName": "Steam_Rails-1.6.11-alpha+forge-mc1.20.1.jar",
    "modId": "railways",
    "version": "1.6.11-alpha+forge-mc1.20.1"
  },
  "supplementaries-1.20-3.1.36.jar": {
    "jarName": "supplementaries-1.20-3.1.36.jar",
    "modId": "supplementaries",
    "version": "1.20-3.1.36"
  },
  "TConstruct-1.20.1-3.10.2.92.jar": {
    "jarName": "TConstruct-1.20.1-3.10.2.92.jar",
    "modId": "tconstruct",
    "version": "3.10.2.92"
  },
  "tenshilib-1.20.1-1.7.6-forge.jar": {
    "jarName": "tenshilib-1.20.1-1.7.6-forge.jar",
    "modId": "tenshilib",
    "version": "1.20.1-1.7.6"
  },
  "TerraBlender-forge-1.20.1-3.0.1.10.jar": {
    "jarName": "TerraBlender-forge-1.20.1-3.0.1.10.jar",
    "modId": "terrablender",
    "version": "3.0.1.10"
  },
  "timecontrol-1.20.1-1.6.0.jar": {
    "jarName": "timecontrol-1.20.1-1.6.0.jar",
    "modId": "timecontrol",
    "version": "1.6.0"
  },
  "ToughAsNails-forge-1.20.1-9.2.0.171.jar": {
    "jarName": "ToughAsNails-forge-1.20.1-9.2.0.171.jar",
    "modId": "toughasnails",
    "version": "9.2.0.171"
  },
  "TreeChop-1.20.1-forge-0.19.0-fixed.jar": {
    "jarName": "TreeChop-1.20.1-forge-0.19.0-fixed.jar",
    "modId": "treechop",
    "version": "0.19.0"
  },
  "u_team_core-forge-1.20.1-5.1.4.382.jar": {
    "jarName": "u_team_core-forge-1.20.1-5.1.4.382.jar",
    "modId": "uteamcore",
    "version": "5.1.4.382"
  },
  "unearthed_journey-2.1.jar": {
    "jarName": "unearthed_journey-2.1.jar",
    "modId": "unearthed_journey",
    "version": "2.0.1"
  },
  "useful_backpacks-forge-1.20.1-2.0.1.124.jar": {
    "jarName": "useful_backpacks-forge-1.20.1-2.0.1.124.jar",
    "modId": "usefulbackpacks",
    "version": "2.0.1.124"
  },
  "via_romana-forge-1.4.1.jar": {
    "jarName": "via_romana-forge-1.4.1.jar",
    "modId": "via_romana",
    "version": "1.4.1"
  },
  "visuality-forge-2.0.2.jar": {
    "jarName": "visuality-forge-2.0.2.jar",
    "modId": "visuality",
    "version": "2.0.2"
  },
  "vminus-forge-1.20.1-3.2.7.jar": {
    "jarName": "vminus-forge-1.20.1-3.2.7.jar",
    "modId": "vminus",
    "version": "3.2.7"
  },
  "wilderness-0.2.0.jar": {
    "jarName": "wilderness-0.2.0.jar",
    "modId": "wilderness",
    "version": "0.2.0"
  },
  "XeKr\u0027s Decoration-1.20.1-Forge-0.8.5.jar": {
    "jarName": "XeKr\u0027s Decoration-1.20.1-Forge-0.8.5.jar",
    "modId": "xkdeco",
    "version": "0.8.5+forge"
  },
  "YungsApi-1.20-Forge-4.0.6.jar": {
    "jarName": "YungsApi-1.20-Forge-4.0.6.jar",
    "modId": "yungsapi",
    "version": "1.20-Forge-4.0.6"
  }
}