{
  "pools": [
    {
      "rolls": 1.0,
      "entries": [
        {
          "type": "minecraft:item",
          "weight": 3,
          "quality": 2,
          "functions": [
            {
              "function": "minecraft:set_count",
              "count": {
                "min": 1.0,
                "max": 2.0,
                "type": "minecraft:uniform"
              }
            }
          ],
          "name": "scalinghealth:heart_crystal"
        },
        {
          "type": "minecraft:item",
          "quality": 5,
          "functions": [
            {
              "function": "minecraft:set_count",
              "count": {
                "min": 1.0,
                "max": 3.0,
                "type": "minecraft:uniform"
              }
            }
          ],
          "name": "scalinghealth:cursed_heart"
        },
        {
          "type": "minecraft:item",
          "quality": 5,
          "functions": [
            {
              "function": "minecraft:set_count",
              "count": {
                "min": 1.0,
                "max": 3.0,
                "type": "minecraft:uniform"
              }
            }
          ],
          "name": "scalinghealth:enchanted_heart"
        },
        {
          "type": "minecraft:item",
          "quality": 5,
          "functions": [
            {
              "function": "minecraft:set_count",
              "count": {
                "min": 1.0,
                "max": 3.0,
                "type": "minecraft:uniform"
              }
            }
          ],
          "name": "scalinghealth:chance_heart"
        },
        {
          "type": "minecraft:item",
          "weight": 2,
          "quality": 7,
          "functions": [
            {
              "function": "minecraft:set_count",
              "count": {
                "min": 1.0,
                "max": 2.0,
                "type": "minecraft:uniform"
              }
            }
          ],
          "name": "scalinghealth:power_crystal"
        },
        {
          "type": "minecraft:empty",
          "weight": 10
        }
      ]
    }
  ]
}