{
  "version": 1,
  "Gui X": {
    "__comment": [
      "Range: > 0"
    ],
    "input": 5
  },
  "Gui Y": {
    "__comment": [
      "Range: > 0"
    ],
    "input": 5
  },
  "Difficulty color": {
    "__comment": [
      "Textformatting codes for the display of the difficulty",
      "Allowed Values: BLACK, DARK_BLUE, DARK_GREEN, DARK_AQUA, DARK_RED, DARK_PURPLE, GOLD, GRAY, DARK_GRAY, BLUE, GREEN, AQUA, RED, LIGHT_PURPLE, YELLOW, WHITE, OBFUSCATED, BOLD, STRIKETHROUGH, UNDERLINE, ITALIC, RESET"
    ],
    "input": "DARK_PURPLE"
  },
  "Text Scale": {
    "__comment": [
      "Scaling of the difficulty text",
      "Range: > 0.0"
    ],
    "input": 1.0
  },
  "Show Difficulty": {
    "__comment": [
      "Show the the difficulty text"
    ],
    "input": true
  },
  "Difficulty location": {
    "__comment": [
      "Relative location of the difficulty text in regards to the screen.",
      "Allowed Values: TOPRIGHT, TOPLEFT, BOTTOMRIGHT, BOTTOMLEFT"
    ],
    "input": "TOPLEFT"
  }
}