{
  "__comment": [
    "Mobs will be able to equip items declared here",
    "The first number is the weight while the second number is the quality",
    "Weight is the weight of an item. Higher weight means that the item is more likely to get choosen",
    "Quality is a modifier applied to the weight. The final weight used is weight + quality * current difficulty"
  ],
  "MAINHAND": {
    "minecraft:bow": [
      1421,
      4.508568
    ],
    "minecraft:crossbow": [
      1715,
      3.826627
    ],
    "minecraft:diamond_axe": [
      1246,
      4.889481
    ],
    "minecraft:diamond_sword": [
      1217,
      4.951788
    ],
    "minecraft:enchanted_book": [
      2389,
      1.8573177
    ],
    "minecraft:golden_axe": [
      3908,
      0.0081
    ],
    "minecraft:golden_sword": [
      3891,
      0.009799999
    ],
    "minecraft:iron_axe": [
      3499,
      0.049
    ],
    "minecraft:iron_sword": [
      3474,
      0.37663084
    ],
    "minecraft:lingering_potion{Potion:\"minecraft:harming\"}": [
      1,
      1.7269388
    ],
    "minecraft:netherite_axe": [
      418,
      6.632802
    ],
    "minecraft:netherite_sword": [
      385,
      6.701589
    ],
    "minecraft:snowball": [
      3439,
      0.46844563
    ],
    "minecraft:splash_potion{Potion:\"minecraft:harming\"}": [
      1,
      1.7269388
    ],
    "minecraft:stone_axe": [
      3723,
      0.026599998
    ],
    "minecraft:stone_sword": [
      3702,
      0.028699998
    ],
    "minecraft:tnt": [
      1,
      1.9881918
    ],
    "minecraft:trident": [
      1489,
      4.357304
    ],
    "minecraft:wooden_axe": [
      3862,
      0.0127
    ],
    "minecraft:wooden_sword": [
      3845,
      0.014399999
    ],
    "notreepunching:diamond_knife": [
      1217,
      4.951788
    ],
    "notreepunching:diamond_saw": [
      1246,
      4.889481
    ],
    "notreepunching:flint_axe": [
      3852,
      0.0137
    ],
    "notreepunching:flint_knife": [
      3833,
      0.015599999
    ],
    "notreepunching:gold_knife": [
      3891,
      0.009799999
    ],
    "notreepunching:gold_saw": [
      3908,
      0.0081
    ],
    "notreepunching:iron_knife": [
      3474,
      0.37663084
    ],
    "notreepunching:iron_saw": [
      3499,
      0.049
    ],
    "notreepunching:macuahuitl": [
      3833,
      0.015599999
    ],
    "notreepunching:netherite_knife": [
      385,
      6.701589
    ],
    "notreepunching:netherite_saw": [
      418,
      6.632802
    ],
    "purecoppertools:copper_axe": [
      3447,
      0.45218197
    ],
    "purecoppertools:copper_sword": [
      3587,
      0.0402
    ],
    "purecoppertools:exposed_copper_axe": [
      3389,
      0.5526204
    ],
    "purecoppertools:exposed_copper_sword": [
      3529,
      0.045999996
    ],
    "purecoppertools:oxidized_copper_axe": [
      3243,
      0.7542434
    ],
    "purecoppertools:oxidized_copper_sword": [
      3383,
      0.5616777
    ],
    "purecoppertools:weathered_copper_axe": [
      3321,
      0.64990616
    ],
    "purecoppertools:weathered_copper_sword": [
      3461,
      0.41909337
    ],
    "pureemeraldtools:emerald_axe": [
      2597,
      1.5866901
    ],
    "pureemeraldtools:emerald_netherite_axe": [
      20,
      7.4616756
    ],
    "pureemeraldtools:emerald_netherite_sword": [
      104,
      7.2868185
    ],
    "pureemeraldtools:emerald_sword": [
      2737,
      1.4057338
    ],
    "pureemeraldtools:pure_emerald_axe": [
      944,
      5.5316625
    ],
    "pureemeraldtools:pure_emerald_sword": [
      1055,
      5.2970686
    ]
  },
  "OFFHAND": {
    "minecraft:ender_pearl": [
      1,
      1.2102311
    ],
    "minecraft:flint_and_steel": [
      647,
      1.2461817
    ],
    "minecraft:lava_bucket": [
      1,
      1.7269388
    ],
    "minecraft:shield": [
      353,
      1.6255897
    ]
  },
  "FEET": {
    "create:copper_diving_boots": [
      1527,
      0.5113901
    ],
    "create:netherite_diving_boots": [
      466,
      1.9030677
    ],
    "minecraft:chainmail_boots": [
      1509,
      0.540316
    ],
    "minecraft:diamond_boots": [
      593,
      1.7373508
    ],
    "minecraft:golden_boots": [
      1575,
      0.4136078
    ],
    "minecraft:iron_boots": [
      1261,
      0.8764657
    ],
    "minecraft:leather_boots": [
      1857,
      0.0244
    ],
    "minecraft:netherite_boots": [
      466,
      1.9030677
    ],
    "purecoppertools:copper_boots": [
      999,
      1.2127981
    ],
    "purecoppertools:exposed_copper_boots": [
      1010,
      1.1986802
    ],
    "purecoppertools:oxidized_copper_boots": [
      1024,
      1.1807164
    ],
    "purecoppertools:weathered_copper_boots": [
      1021,
      1.1845654
    ],
    "pureemeraldtools:emerald_armor_boots": [
      734,
      1.5543076
    ],
    "pureemeraldtools:emerald_netherite_armor_boots": [
      19,
      3.25236
    ],
    "pureemeraldtools:pure_emerald_armor_boots": [
      192,
      2.2632732
    ],
    "toughasnails:leaf_boots": [
      2025,
      0.0075999997
    ],
    "toughasnails:wool_boots": [
      2025,
      0.0075999997
    ]
  },
  "LEGS": {
    "minecraft:chainmail_leggings": [
      1509,
      0.540316
    ],
    "minecraft:diamond_leggings": [
      593,
      1.7373508
    ],
    "minecraft:golden_leggings": [
      1575,
      0.4136078
    ],
    "minecraft:iron_leggings": [
      1261,
      0.8764657
    ],
    "minecraft:leather_leggings": [
      1857,
      0.0244
    ],
    "minecraft:netherite_leggings": [
      466,
      1.9030677
    ],
    "purecoppertools:copper_leggings": [
      999,
      1.2127981
    ],
    "purecoppertools:exposed_copper_leggings": [
      1010,
      1.1986802
    ],
    "purecoppertools:oxidized_copper_leggings": [
      1024,
      1.1807164
    ],
    "purecoppertools:weathered_copper_leggings": [
      1021,
      1.1845654
    ],
    "pureemeraldtools:emerald_armor_leggings": [
      734,
      1.5543076
    ],
    "pureemeraldtools:emerald_netherite_armor_leggings": [
      19,
      3.25236
    ],
    "pureemeraldtools:pure_emerald_armor_leggings": [
      192,
      2.2632732
    ],
    "toughasnails:leaf_leggings": [
      2025,
      0.0075999997
    ],
    "toughasnails:wool_leggings": [
      2025,
      0.0075999997
    ]
  },
  "CHEST": {
    "create:copper_backtank": [
      876,
      1.3709393
    ],
    "create:netherite_backtank": [
      96,
      2.5712214
    ],
    "minecraft:chainmail_chestplate": [
      1509,
      0.540316
    ],
    "minecraft:diamond_chestplate": [
      593,
      1.7373508
    ],
    "minecraft:golden_chestplate": [
      1575,
      0.4136078
    ],
    "minecraft:iron_chestplate": [
      1261,
      0.8764657
    ],
    "minecraft:leather_chestplate": [
      1857,
      0.0244
    ],
    "minecraft:netherite_chestplate": [
      466,
      1.9030677
    ],
    "purecoppertools:copper_chestplate": [
      999,
      1.2127981
    ],
    "purecoppertools:exposed_copper_chestplate": [
      1010,
      1.1986802
    ],
    "purecoppertools:oxidized_copper_chestplate": [
      1024,
      1.1807164
    ],
    "purecoppertools:weathered_copper_chestplate": [
      1021,
      1.1845654
    ],
    "pureemeraldtools:emerald_armor_chestplate": [
      734,
      1.5543076
    ],
    "pureemeraldtools:emerald_netherite_armor_chestplate": [
      19,
      3.25236
    ],
    "pureemeraldtools:pure_emerald_armor_chestplate": [
      192,
      2.2632732
    ],
    "toughasnails:leaf_chestplate": [
      2025,
      0.0075999997
    ],
    "toughasnails:wool_chestplate": [
      2025,
      0.0075999997
    ]
  },
  "HEAD": {
    "create:copper_diving_helmet": [
      1527,
      0.5113901
    ],
    "create:netherite_diving_helmet": [
      466,
      1.9030677
    ],
    "minecraft:chainmail_helmet": [
      1509,
      0.540316
    ],
    "minecraft:diamond_helmet": [
      593,
      1.7373508
    ],
    "minecraft:golden_helmet": [
      1575,
      0.4136078
    ],
    "minecraft:iron_helmet": [
      1261,
      0.8764657
    ],
    "minecraft:leather_helmet": [
      1857,
      0.0244
    ],
    "minecraft:netherite_helmet": [
      466,
      1.9030677
    ],
    "minecraft:turtle_helmet": [
      1205,
      0.948558
    ],
    "purecoppertools:copper_helmet": [
      999,
      1.2127981
    ],
    "purecoppertools:exposed_copper_helmet": [
      1010,
      1.1986802
    ],
    "purecoppertools:oxidized_copper_helmet": [
      1024,
      1.1807164
    ],
    "purecoppertools:weathered_copper_helmet": [
      1021,
      1.1845654
    ],
    "pureemeraldtools:emerald_armor_helmet": [
      734,
      1.5543076
    ],
    "pureemeraldtools:emerald_netherite_armor_helmet": [
      19,
      3.25236
    ],
    "pureemeraldtools:pure_emerald_armor_helmet": [
      192,
      2.2632732
    ],
    "toughasnails:leaf_helmet": [
      2025,
      0.0075999997
    ],
    "toughasnails:wool_helmet": [
      2025,
      0.0075999997
    ]
  }
}