{
    "type": "minecraft:chest",
    "pools": [
      {
        "bonus_rolls": 0.0,
        "entries": [
          {
            "type": "minecraft:item",
            "functions": [
              {
                "add": false,
                "count": {
                  "type": "minecraft:uniform",
                  "min": 1.0,
                  "max": 2.0
                },
                "function": "minecraft:set_count"
              }
            ],
            "name": "minecraft:iron_ingot",
            "weight": 3
          },
          {
            "type": "minecraft:item",
            "functions": [
              {
                "add": false,
                "count": {
                  "type": "minecraft:uniform",
                  "min": 1.0,
                  "max": 3.0
                },
                "function": "minecraft:set_count"
              }
            ],
            "name": "minecraft:coal",
            "weight": 8
          },
          {
            "type": "minecraft:item",
            "name": "minecraft:iron_chestplate",
            "weight": 1
          },
          {
            "type": "minecraft:item",
            "name": "minecraft:iron_helmet",
            "weight": 1
          },
          {
            "type": "minecraft:item",
            "name": "minecraft:iron_leggings",
            "weight": 1
          },
          {
            "type": "minecraft:item",
            "name": "minecraft:iron_boots",
            "weight": 1
          },
          {
            "type": "minecraft:item",
            "name": "minecraft:shield",
            "weight": 2
          },
          {
            "type": "minecraft:item",
            "name": "minecraft:chainmail_chestplate",
            "weight": 1
          },
          {
            "type": "minecraft:item",
            "name": "minecraft:chainmail_helmet",
            "weight": 1
          },
          {
            "type": "minecraft:item",
            "name": "minecraft:chainmail_leggings",
            "weight": 1
          },
          {
            "type": "minecraft:item",
            "name": "minecraft:chainmail_boots",
            "weight": 1
          },
          {
            "type": "minecraft:item",
            "name": "minecraft:anvil",
            "weight": 1
          },
          {
            "type": "minecraft:item",
            "functions": [
              {
                "add": false,
                "count": {
                  "type": "minecraft:uniform",
                  "min": 1.0,
                  "max": 2.0
                },
                "function": "minecraft:set_count"
              }
            ],
            "name": "minecraft:diamond",
            "weight": 2
          }
        ],
        "rolls": {
          "type": "minecraft:uniform",
          "min": 2.0,
          "max": 5.0
        }
      }
    ],
    "random_sequence": "minecraft:chests/village/village_armorer"
  }
  