{
    "type": "minecraft:block",
    "pools": [
      {
        "rolls": 1,
        "entries": [
          {
            "type": "minecraft:alternatives",
            "children": [
              {
                "type": "minecraft:item",
                "name": "minecraft:flint",
                "conditions": [
                  {
                    "condition": "minecraft:random_chance",
                    "chance": 0.4
                  }
                ]
              },
              {
                "type": "minecraft:item",
                "name": "minecraft:gravel"
              }
            ]
          }
        ]
      }
    ]
  }
  