{
  "__comment": [
    "Mobs will be able to equip items declared here",
    "The first number is the weight while the second number is the quality",
    "Weight is the weight of an item. Higher weight means that the item is more likely to get choosen",
    "Quality is a modifier applied to the weight. The final weight used is weight + quality * current difficulty"
  ],
  "MAINHAND": {
    "create:cardboard_sword": [
      3491,
      0.0064999997
    ],
    "hardmodeprogression:anoxite_axe": [
      1598,
      2.3280602
    ],
    "hardmodeprogression:anoxite_sword": [
      1691,
      2.205191
    ],
    "hardmodeprogression:copper_axe": [
      3160,
      0.039599996
    ],
    "hardmodeprogression:copper_sword": [
      3229,
      0.0327
    ],
    "hardmodeprogression:cupronium_axe": [
      2962,
      0.5434188
    ],
    "hardmodeprogression:cupronium_sword": [
      3043,
      0.36782715
    ],
    "minecraft:bow": [
      988,
      4.508568
    ],
    "minecraft:crossbow": [
      1282,
      3.826627
    ],
    "minecraft:diamond_axe": [
      2075,
      1.7022233
    ],
    "minecraft:diamond_sword": [
      2162,
      1.589282
    ],
    "minecraft:enchanted_book": [
      1956,
      1.8573177
    ],
    "minecraft:golden_axe": [
      3437,
      0.011899999
    ],
    "minecraft:golden_sword": [
      3488,
      0.0068
    ],
    "minecraft:iron_axe": [
      3072,
      0.048399996
    ],
    "minecraft:iron_sword": [
      3147,
      0.040899996
    ],
    "minecraft:lingering_potion{Potion:\"minecraft:harming\"}": [
      2056,
      1.7269388
    ],
    "minecraft:netherite_axe": [
      202,
      6.1798882
    ],
    "minecraft:netherite_sword": [
      272,
      6.0334783
    ],
    "minecraft:snowball": [
      3006,
      0.46844563
    ],
    "minecraft:splash_potion{Potion:\"minecraft:harming\"}": [
      2056,
      1.7269388
    ],
    "minecraft:stone_axe": [
      3303,
      0.0253
    ],
    "minecraft:stone_sword": [
      3366,
      0.019
    ],
    "minecraft:tnt": [
      1856,
      1.9881918
    ],
    "minecraft:trident": [
      1056,
      4.357304
    ],
    "minecraft:wooden_axe": [
      3437,
      0.011899999
    ],
    "minecraft:wooden_sword": [
      3488,
      0.0068
    ],
    "notreepunching:diamond_knife": [
      859,
      4.790248
    ],
    "notreepunching:diamond_saw": [
      838,
      4.8356147
    ],
    "notreepunching:flint_axe": [
      3419,
      0.0137
    ],
    "notreepunching:flint_knife": [
      3445,
      0.0111
    ],
    "notreepunching:gold_knife": [
      3497,
      0.0058999998
    ],
    "notreepunching:gold_saw": [
      3488,
      0.0068
    ],
    "notreepunching:iron_knife": [
      3104,
      0.045199998
    ],
    "notreepunching:iron_saw": [
      3087,
      0.0469
    ],
    "notreepunching:macuahuitl": [
      3419,
      0.0137
    ],
    "notreepunching:netherite_knife": [
      39,
      6.5202
    ],
    "notreepunching:netherite_saw": [
      14,
      6.5723376
    ],
    "quality_of_progression:bone_tool": [
      3366,
      0.019
    ],
    "quality_of_progression:copper_axe": [
      3081,
      0.0475
    ],
    "quality_of_progression:copper_sword": [
      3219,
      0.033699997
    ],
    "quality_of_progression:flint_tool": [
      3366,
      0.019
    ]
  },
  "OFFHAND": {
    "minecraft:ender_pearl": [
      675,
      1.2102311
    ],
    "minecraft:flint_and_steel": [
      647,
      1.2461817
    ],
    "minecraft:lava_bucket": [
      275,
      1.7269388
    ],
    "minecraft:shield": [
      353,
      1.6255897
    ]
  },
  "FEET": {
    "create:cardboard_boots": [
      1846,
      0.021699999
    ],
    "create:copper_diving_boots": [
      1489,
      0.5113901
    ],
    "create:netherite_diving_boots": [
      428,
      1.9030677
    ],
    "galosphere:sterling_boots": [
      1358,
      0.6999366
    ],
    "hardmodeprogression:anoxite_boots": [
      349,
      2.0065534
    ],
    "hardmodeprogression:copper_boots": [
      1699,
      0.036399998
    ],
    "hardmodeprogression:cupronium_boots": [
      1237,
      0.8583848
    ],
    "minecraft:chainmail_boots": [
      1449,
      0.57356006
    ],
    "minecraft:diamond_boots": [
      682,
      1.572438
    ],
    "minecraft:golden_boots": [
      1700,
      0.0363
    ],
    "minecraft:iron_boots": [
      1450,
      0.57208574
    ],
    "minecraft:leather_boots": [
      1867,
      0.019599998
    ],
    "minecraft:netherite_boots": [
      19,
      3.0657542
    ],
    "quality_of_progression:copper_armor_boots": [
      1392,
      0.65401256
    ],
    "toughasnails:leaf_boots": [
      1987,
      0.0075999997
    ],
    "toughasnails:wool_boots": [
      1987,
      0.0075999997
    ]
  },
  "LEGS": {
    "create:cardboard_leggings": [
      1846,
      0.021699999
    ],
    "galosphere:sterling_leggings": [
      1358,
      0.6999366
    ],
    "hardmodeprogression:anoxite_leggings": [
      349,
      2.0065534
    ],
    "hardmodeprogression:copper_leggings": [
      1699,
      0.036399998
    ],
    "hardmodeprogression:cupronium_leggings": [
      1237,
      0.8583848
    ],
    "minecraft:chainmail_leggings": [
      1449,
      0.57356006
    ],
    "minecraft:diamond_leggings": [
      682,
      1.572438
    ],
    "minecraft:golden_leggings": [
      1700,
      0.0363
    ],
    "minecraft:iron_leggings": [
      1450,
      0.57208574
    ],
    "minecraft:leather_leggings": [
      1867,
      0.019599998
    ],
    "minecraft:netherite_leggings": [
      19,
      3.0657542
    ],
    "quality_of_progression:copper_armor_leggings": [
      1392,
      0.65401256
    ],
    "toughasnails:leaf_leggings": [
      1987,
      0.0075999997
    ],
    "toughasnails:wool_leggings": [
      1987,
      0.0075999997
    ]
  },
  "CHEST": {
    "create:cardboard_chestplate": [
      1846,
      0.021699999
    ],
    "create:copper_backtank": [
      1489,
      0.5113901
    ],
    "create:netherite_backtank": [
      428,
      1.9030677
    ],
    "galosphere:sterling_chestplate": [
      1358,
      0.6999366
    ],
    "hardmodeprogression:anoxite_chestplate": [
      349,
      2.0065534
    ],
    "hardmodeprogression:copper_chestplate": [
      1699,
      0.036399998
    ],
    "hardmodeprogression:cupronium_chestplate": [
      1237,
      0.8583848
    ],
    "minecraft:chainmail_chestplate": [
      1449,
      0.57356006
    ],
    "minecraft:diamond_chestplate": [
      682,
      1.572438
    ],
    "minecraft:golden_chestplate": [
      1700,
      0.0363
    ],
    "minecraft:iron_chestplate": [
      1450,
      0.57208574
    ],
    "minecraft:leather_chestplate": [
      1867,
      0.019599998
    ],
    "minecraft:netherite_chestplate": [
      19,
      3.0657542
    ],
    "quality_of_progression:copper_armor_chestplate": [
      1392,
      0.65401256
    ],
    "toughasnails:leaf_chestplate": [
      1987,
      0.0075999997
    ],
    "toughasnails:wool_chestplate": [
      1987,
      0.0075999997
    ]
  },
  "HEAD": {
    "create:cardboard_helmet": [
      1846,
      0.021699999
    ],
    "create:copper_diving_helmet": [
      1489,
      0.5113901
    ],
    "create:netherite_diving_helmet": [
      428,
      1.9030677
    ],
    "galosphere:sterling_helmet": [
      1358,
      0.6999366
    ],
    "hardmodeprogression:anoxite_helmet": [
      349,
      2.0065534
    ],
    "hardmodeprogression:copper_helmet": [
      1699,
      0.036399998
    ],
    "hardmodeprogression:cupronium_helmet": [
      1237,
      0.8583848
    ],
    "minecraft:chainmail_helmet": [
      1449,
      0.57356006
    ],
    "minecraft:diamond_helmet": [
      682,
      1.572438
    ],
    "minecraft:golden_helmet": [
      1700,
      0.0363
    ],
    "minecraft:iron_helmet": [
      1450,
      0.57208574
    ],
    "minecraft:leather_helmet": [
      1867,
      0.019599998
    ],
    "minecraft:netherite_helmet": [
      19,
      3.0657542
    ],
    "minecraft:turtle_helmet": [
      1167,
      0.948558
    ],
    "quality_of_progression:copper_armor_helmet": [
      1392,
      0.65401256
    ],
    "railways:black_conductor_cap": [
      1433,
      0.59678036
    ],
    "railways:blue_conductor_cap": [
      1433,
      0.59678036
    ],
    "railways:brown_conductor_cap": [
      1433,
      0.59678036
    ],
    "railways:cyan_conductor_cap": [
      1433,
      0.59678036
    ],
    "railways:gray_conductor_cap": [
      1433,
      0.59678036
    ],
    "railways:green_conductor_cap": [
      1433,
      0.59678036
    ],
    "railways:light_blue_conductor_cap": [
      1433,
      0.59678036
    ],
    "railways:light_gray_conductor_cap": [
      1433,
      0.59678036
    ],
    "railways:lime_conductor_cap": [
      1433,
      0.59678036
    ],
    "railways:magenta_conductor_cap": [
      1433,
      0.59678036
    ],
    "railways:orange_conductor_cap": [
      1433,
      0.59678036
    ],
    "railways:pink_conductor_cap": [
      1433,
      0.59678036
    ],
    "railways:purple_conductor_cap": [
      1433,
      0.59678036
    ],
    "railways:red_conductor_cap": [
      1433,
      0.59678036
    ],
    "railways:white_conductor_cap": [
      1433,
      0.59678036
    ],
    "railways:yellow_conductor_cap": [
      1433,
      0.59678036
    ],
    "toughasnails:leaf_helmet": [
      1987,
      0.0075999997
    ],
    "toughasnails:wool_helmet": [
      1987,
      0.0075999997
    ]
  }
}