{
  "__comment": [
    "Mobs will be able to equip items declared here",
    "The first number is the weight while the second number is the quality",
    "Weight is the weight of an item. Higher weight means that the item is more likely to get choosen",
    "Quality is a modifier applied to the weight. The final weight used is weight + quality * current difficulty"
  ],
  "MAINHAND": {
    "alexscaves:desolate_dagger": [
      1848,
      4.753436
    ],
    "aquamirae:coral_lance": [
      1890,
      4.662123
    ],
    "aquamirae:dagger_of_greed": [
      4331,
      0.019699998
    ],
    "aquamirae:divider": [
      698,
      7.172319
    ],
    "aquamirae:fin_cutter": [
      2763,
      2.0735214
    ],
    "aquamirae:poisoned_blade": [
      3634,
      0.94598794
    ],
    "aquamirae:remnants_saber": [
      4314,
      0.021399999
    ],
    "aquamirae:sweet_lance": [
      1890,
      4.662123
    ],
    "aquamirae:terrible_sword": [
      3188,
      1.5193686
    ],
    "aquamirae:whisper_of_the_abyss": [
      1890,
      4.662123
    ],
    "create:cardboard_sword": [
      4463,
      0.0064999997
    ],
    "deeperdarker:resonarium_axe": [
      2348,
      3.5768492
    ],
    "deeperdarker:resonarium_sword": [
      2410,
      3.385685
    ],
    "deeperdarker:warden_axe": [
      16,
      8.592401
    ],
    "deeperdarker:warden_sword": [
      94,
      8.429875
    ],
    "endermanoverhaul:corrupted_blade": [
      4038,
      0.049
    ],
    "minecraft:bow": [
      1960,
      4.508568
    ],
    "minecraft:crossbow": [
      2254,
      3.826627
    ],
    "minecraft:diamond_axe": [
      1723,
      5.022479
    ],
    "minecraft:diamond_sword": [
      1785,
      4.889481
    ],
    "minecraft:enchanted_book": [
      2928,
      1.8573177
    ],
    "minecraft:golden_axe": [
      4384,
      0.014399999
    ],
    "minecraft:golden_sword": [
      4447,
      0.0081
    ],
    "minecraft:iron_axe": [
      3951,
      0.51635593
    ],
    "minecraft:iron_sword": [
      4038,
      0.049
    ],
    "minecraft:lingering_potion{Potion:\"minecraft:harming\"}": [
      3028,
      1.7269388
    ],
    "minecraft:netherite_axe": [
      887,
      6.778693
    ],
    "minecraft:netherite_sword": [
      957,
      6.632802
    ],
    "minecraft:snowball": [
      3978,
      0.46844563
    ],
    "minecraft:splash_potion{Potion:\"minecraft:harming\"}": [
      3028,
      1.7269388
    ],
    "minecraft:stone_axe": [
      4154,
      0.0374
    ],
    "minecraft:stone_sword": [
      4262,
      0.026599998
    ],
    "minecraft:tnt": [
      2828,
      1.9881918
    ],
    "minecraft:trident": [
      2028,
      4.357304
    ],
    "minecraft:wooden_axe": [
      4338,
      0.019
    ],
    "minecraft:wooden_sword": [
      4401,
      0.0127
    ],
    "mobs_of_mythology:kobold_spear": [
      4038,
      0.049
    ],
    "unearthed_journey:fang_dagger": [
      2814,
      2.0065534
    ]
  },
  "OFFHAND": {
    "alexscaves:resistor_shield": [
      275,
      4.9045377
    ],
    "endermanoverhaul:corrupted_shield": [
      931,
      3.2997048
    ],
    "minecraft:ender_pearl": [
      1925,
      1.2102311
    ],
    "minecraft:flint_and_steel": [
      1897,
      1.2461817
    ],
    "minecraft:lava_bucket": [
      1525,
      1.7269388
    ],
    "minecraft:shield": [
      1603,
      1.6255897
    ],
    "unearthed_journey:scute_shield": [
      931,
      3.2997048
    ]
  },
  "FEET": {
    "ad_astra:jet_suit_boots": [
      25,
      5.086568
    ],
    "ad_astra:netherite_space_boots": [
      858,
      2.3839326
    ],
    "ad_astra:space_boots": [
      1671,
      1.3245949
    ],
    "alexscaves:diving_boots": [
      1832,
      1.1178746
    ],
    "alexscaves:gingerbread_boots": [
      2086,
      0.79089624
    ],
    "alexscaves:hazmat_boots": [
      2033,
      0.85967726
    ],
    "alexscaves:rainbounce_boots": [
      2473,
      0.0387
    ],
    "aquamirae:abyssal_boots": [
      1415,
      1.6554433
    ],
    "aquamirae:terrible_boots": [
      1469,
      1.5853943
    ],
    "aquamirae:three_bolt_boots": [
      807,
      3.1174598
    ],
    "create:cardboard_boots": [
      2643,
      0.021699999
    ],
    "create:copper_diving_boots": [
      2286,
      0.5113901
    ],
    "create:netherite_diving_boots": [
      1225,
      1.9030677
    ],
    "deeperdarker:resonarium_boots": [
      1304,
      1.7998894
    ],
    "deeperdarker:warden_boots": [
      19,
      5.0993676
    ],
    "galosphere:sterling_boots": [
      2155,
      0.6999366
    ],
    "minecraft:chainmail_boots": [
      2268,
      0.540316
    ],
    "minecraft:diamond_boots": [
      1352,
      1.7373508
    ],
    "minecraft:golden_boots": [
      2334,
      0.4136078
    ],
    "minecraft:iron_boots": [
      2020,
      0.8764657
    ],
    "minecraft:leather_boots": [
      2616,
      0.0244
    ],
    "minecraft:netherite_boots": [
      1225,
      1.9030677
    ],
    "netherdepthsupgrade:soul_sucker_boots": [
      1890,
      1.0435165
    ],
    "tconstruct:plate_boots": [
      2230,
      0.59678036
    ],
    "tconstruct:slime_boots": [
      2230,
      0.59678036
    ],
    "tconstruct:travelers_boots": [
      2230,
      0.59678036
    ],
    "toughasnails:leaf_boots": [
      2784,
      0.0075999997
    ],
    "toughasnails:wool_boots": [
      2784,
      0.0075999997
    ],
    "unearthed_journey:padded_armor_boots": [
      1078,
      2.095872
    ]
  },
  "LEGS": {
    "ad_astra:jet_suit_pants": [
      19,
      5.199434
    ],
    "ad_astra:netherite_space_pants": [
      845,
      3.1634672
    ],
    "ad_astra:space_pants": [
      1661,
      1.397999
    ],
    "alexscaves:diving_leggings": [
      1851,
      1.1537791
    ],
    "alexscaves:gingerbread_leggings": [
      2120,
      0.8078281
    ],
    "alexscaves:hazmat_leggings": [
      2052,
      0.89580816
    ],
    "alexscaves:primordial_pants": [
      2142,
      0.7791448
    ],
    "aquamirae:abyssal_leggings": [
      1462,
      1.6554433
    ],
    "aquamirae:terrible_leggings": [
      1516,
      1.5853943
    ],
    "aquamirae:three_bolt_leggings": [
      854,
      3.1174598
    ],
    "create:cardboard_leggings": [
      2690,
      0.021699999
    ],
    "deeperdarker:resonarium_leggings": [
      1351,
      1.7998894
    ],
    "deeperdarker:warden_leggings": [
      66,
      5.0993676
    ],
    "galosphere:sterling_leggings": [
      2202,
      0.6999366
    ],
    "minecraft:chainmail_leggings": [
      2315,
      0.540316
    ],
    "minecraft:diamond_leggings": [
      1399,
      1.7373508
    ],
    "minecraft:golden_leggings": [
      2381,
      0.4136078
    ],
    "minecraft:iron_leggings": [
      2067,
      0.8764657
    ],
    "minecraft:leather_leggings": [
      2663,
      0.0244
    ],
    "minecraft:netherite_leggings": [
      1272,
      1.9030677
    ],
    "tconstruct:plate_leggings": [
      2277,
      0.59678036
    ],
    "tconstruct:slime_leggings": [
      2277,
      0.59678036
    ],
    "tconstruct:travelers_leggings": [
      2277,
      0.59678036
    ],
    "toughasnails:leaf_leggings": [
      2831,
      0.0075999997
    ],
    "toughasnails:wool_leggings": [
      2831,
      0.0075999997
    ],
    "unearthed_journey:padded_armor_leggings": [
      1125,
      2.095872
    ]
  },
  "CHEST": {
    "ad_astra:jet_suit": [
      19,
      5.120687
    ],
    "ad_astra:netherite_space_suit": [
      844,
      2.9321702
    ],
    "ad_astra:space_suit": [
      1658,
      1.3541976
    ],
    "alexscaves:cloak_of_darkness": [
      2167,
      0.6972618
    ],
    "alexscaves:diving_chestplate": [
      1830,
      1.1332608
    ],
    "alexscaves:gingerbread_chestplate": [
      2091,
      0.7974141
    ],
    "alexscaves:hazmat_chestplate": [
      2032,
      0.87388456
    ],
    "alexscaves:primordial_tunic": [
      2122,
      0.7568712
    ],
    "aquamirae:abyssal_brigantine": [
      1425,
      1.6554433
    ],
    "aquamirae:terrible_chestplate": [
      1479,
      1.5853943
    ],
    "aquamirae:three_bolt_suit": [
      817,
      3.1174598
    ],
    "create:cardboard_chestplate": [
      2653,
      0.021699999
    ],
    "create:copper_backtank": [
      2296,
      0.5113901
    ],
    "create:netherite_backtank": [
      1235,
      1.9030677
    ],
    "deeperdarker:resonarium_chestplate": [
      1314,
      1.7998894
    ],
    "deeperdarker:warden_chestplate": [
      29,
      5.0993676
    ],
    "endermanoverhaul:badlands_hood": [
      2121,
      0.75818443
    ],
    "endermanoverhaul:savanna_hood": [
      2121,
      0.75818443
    ],
    "endermanoverhaul:snowy_hood": [
      2121,
      0.75818443
    ],
    "galosphere:sterling_chestplate": [
      2165,
      0.6999366
    ],
    "minecraft:chainmail_chestplate": [
      2278,
      0.540316
    ],
    "minecraft:diamond_chestplate": [
      1362,
      1.7373508
    ],
    "minecraft:golden_chestplate": [
      2344,
      0.4136078
    ],
    "minecraft:iron_chestplate": [
      2030,
      0.8764657
    ],
    "minecraft:leather_chestplate": [
      2626,
      0.0244
    ],
    "minecraft:netherite_chestplate": [
      1235,
      1.9030677
    ],
    "tconstruct:plate_chestplate": [
      2240,
      0.59678036
    ],
    "tconstruct:slime_chestplate": [
      2240,
      0.59678036
    ],
    "tconstruct:travelers_chestplate": [
      2240,
      0.59678036
    ],
    "toughasnails:leaf_chestplate": [
      2794,
      0.0075999997
    ],
    "toughasnails:wool_chestplate": [
      2794,
      0.0075999997
    ],
    "unearthed_journey:padded_armor_chestplate": [
      1088,
      2.095872
    ]
  },
  "HEAD": {
    "ad_astra:jet_suit_helmet": [
      19,
      5.2949486
    ],
    "ad_astra:netherite_space_helmet": [
      859,
      3.2958906
    ],
    "ad_astra:space_helmet": [
      1676,
      1.4366896
    ],
    "alexscaves:diving_helmet": [
      1881,
      1.173019
    ],
    "alexscaves:gingerbread_helmet": [
      2158,
      0.8169267
    ],
    "alexscaves:hazmat_mask": [
      2083,
      0.91383743
    ],
    "alexscaves:hood_of_darkness": [
      2225,
      0.7291897
    ],
    "alexscaves:primordial_helmet": [
      2173,
      0.7974141
    ],
    "aquamirae:abyssal_heaume": [
      1507,
      1.6554433
    ],
    "aquamirae:abyssal_tiara": [
      1168,
      2.0985024
    ],
    "aquamirae:terrible_helmet": [
      1561,
      1.5853943
    ],
    "aquamirae:three_bolt_helmet": [
      899,
      3.1174598
    ],
    "create:cardboard_helmet": [
      2735,
      0.021699999
    ],
    "create:copper_diving_helmet": [
      2378,
      0.5113901
    ],
    "create:netherite_diving_helmet": [
      1317,
      1.9030677
    ],
    "deeperdarker:resonarium_helmet": [
      1396,
      1.7998894
    ],
    "deeperdarker:warden_helmet": [
      111,
      5.0993676
    ],
    "friendsandfoes:wildfire_crown": [
      1809,
      1.2654512
    ],
    "galosphere:sterling_helmet": [
      2247,
      0.6999366
    ],
    "minecraft:chainmail_helmet": [
      2360,
      0.540316
    ],
    "minecraft:diamond_helmet": [
      1444,
      1.7373508
    ],
    "minecraft:golden_helmet": [
      2426,
      0.4136078
    ],
    "minecraft:iron_helmet": [
      2112,
      0.8764657
    ],
    "minecraft:leather_helmet": [
      2708,
      0.0244
    ],
    "minecraft:netherite_helmet": [
      1317,
      1.9030677
    ],
    "minecraft:shulker_shell": [
      2871,
      0.0081
    ],
    "minecraft:turtle_helmet": [
      2056,
      0.948558
    ],
    "tconstruct:plate_helmet": [
      2322,
      0.59678036
    ],
    "tconstruct:slime_helmet": [
      2322,
      0.59678036
    ],
    "tconstruct:travelers_helmet": [
      2322,
      0.59678036
    ],
    "toughasnails:leaf_helmet": [
      2876,
      0.0075999997
    ],
    "toughasnails:wool_helmet": [
      2876,
      0.0075999997
    ],
    "unearthed_journey:padded_armor_helmet": [
      1170,
      2.095872
    ]
  }
}